"key","deprecated","description","since"
"ActionButton.separatorColor","","ActionButton separator line color","2023.1"
"Banner.infoBackground","","",""
"Banner.infoBorderColor","","",""
"Banner.successBackground","","",""
"Banner.successBorderColor","","",""
"Banner.warningBackground","","The background of banners (experimental UI only)",""
"Banner.warningBorderColor","","",""
"Banner.errorBackground","","",""
"Banner.errorBorderColor","","",""
"Bookmark.iconBackground","","The background of the default bookmark icon.",""
"Bookmark.Mnemonic.iconForeground","","The text color on the bookmark icon with mnemonic.",""
"Bookmark.Mnemonic.iconBackground",true,"The background of the bookmark icon with mnemonic.",""
"Bookmark.Mnemonic.iconBorderColor",true,"The border color of the bookmark icon with mnemonic.",""
"Bookmark.MnemonicAvailable.foreground","","The button text color for unassigned bookmark mnemonics.",""
"Bookmark.MnemonicAvailable.background","","The button background for unassigned bookmark mnemonics.",""
"Bookmark.MnemonicAvailable.borderColor","","The button border color for unassigned bookmark mnemonics.",""
"Bookmark.MnemonicAssigned.foreground","","The button text color for already assigned bookmark mnemonics.",""
"Bookmark.MnemonicAssigned.background","","The button background for already assigned bookmark mnemonics.",""
"BookmarkMnemonicAssigned.borderColor",true,"The button border color for already assigned bookmark mnemonics.",""
"Bookmark.MnemonicCurrent.foreground","","The button text color for the currently selected bookmark mnemonic.",""
"Bookmark.MnemonicCurrent.background","","The button background for the currently selected bookmark mnemonic.",""
"BookmarkMnemonicCurrent.borderColor",true,"The button border color for the currently selected bookmark mnemonic.",""
"Breakpoint.iconHoverAlpha","","Transparency for breakpoint icon which pops up while hovering the gutter. A float in [0.0, 1.0]",""
"BigSpinner.background","","A translucent overlay background for decorated panel while loading",""
"Borders.color","","Used in tables, lists, toolbars, tool windows, editor split mode",""
"Borders.ContrastBorderColor","","Used in tool buttons bars and the navigation bar",""
"Button.minimumSize","","Minimum size of buttons",""
"Button.loadingForeground","","The color of button text when in the 'loading' state","2024.2"
"Button.default.loadingForeground","","The color of default button text when in the 'loading' state","2024.2"
"Button.Split.default.separatorColor","","Separator color for default split button",""
"Button.Split.default.iconColor","","Chevron arrow color for default split button",""
"CheckBox.iconSize","","Size of CheckBox icon",""
"ComboBox.minimumSize","","Minimum size of ComboBox",""
"Code.Inline.backgroundColor","","Inline code elements background","2024.1"
"Code.Inline.backgroundOpacity","","Inline code elements background opacity in percents","2024.1"
"Code.Inline.foregroundColor","","Inline code elements foreground","2024.1"
"Code.Inline.borderColor","","Inline code elements border color","2024.1"
"Code.Inline.borderWidth","","Inline code elements border width in pixels","2024.1"
"Code.Inline.borderRadius","","Inline code elements border radius in pixels","2024.1"
"Code.Block.backgroundColor","","Block code elements background","2024.1"
"Code.Block.backgroundOpacity","","Block code elements background opacity in percents","2024.1"
"Code.Block.EditorPane.backgroundColor","","Block code elements background in editor inline QuickDoc","2024.1"
"Code.Block.EditorPane.backgroundOpacity","","Block code elements background opacity in editor inline QuickDoc in percents","2024.1"
"Code.Block.EditorPane.borderColor","","Block code elements background in editor inline QuickDoc","2024.1"
"Code.Block.foregroundColor","","Block code elements foreground","2024.1"
"Code.Block.borderColor","","Block code elements border color","2024.1"
"Code.Block.borderWidth","","Block code elements border width in pixels","2024.1"
"Code.Block.borderRadius","","Block code elements border radius in pixels","2024.1"
"CombinedDiff.mainToolbarInsets","","Main toolbar insets of the Combined (All in One) Diff","2023.3"
"CombinedDiff.fileToolbarInsets","","File toolbar insets of the Combined (All in One) Diff","2023.3"
"CombinedDiff.gapBetweenBlocks","","Vertical gap between the Combined (All in One) Diff blocks","2023.3"
"CombinedDiff.leftRightBlockInset","","Horizontal insets around the Combined (All in One) Diff blocks","2023.3"
"CombinedDiff.BlockBorder.selectedActiveColor","","Active border color around current (selected) Combined (All in One) Diff block","2023.3"
"CombinedDiff.BlockBorder.selectedInactiveColor","","Inactive border color around current (selected) Combined (All in One) Diff block","2023.3"
"ComboPopup.border","","Combo box drop-down menu. Format: ""top, left, bottom, right, hex"", e.g. '1,1,1,1,FFFFFF'. Size in pixels",""
"CompletionPopup.Advertiser.background","","CompletionPopup advertiser background (experimental UI only)","2022.2"
"CompletionPopup.Advertiser.foreground","","CompletionPopup advertiser foreground (experimental UI only)","2022.2"
"CompletionPopup.Advertiser.fontSizeOffset","","CompletionPopup advertiser font size offset (experimental UI only)","2022.2"
"CompletionPopup.Advertiser.borderInsets","","CompletionPopup advertiser border insets (experimental UI only)","2022.2"
"CompletionPopup.background",true,"Uses Documentation popup color from editor color scheme instead",""
"CompletionPopup.Body.insets","","Insets around body  (experimental UI only). If bottom panel with advertiser is visible then BodyWithAdvertiser.insets is used instead","2022.2"
"CompletionPopup.BodyWithAdvertiser.insets","","Insets around body  (experimental UI only). Used only when the advertiser (bottom panel) is visible","2024.2"
"CompletionPopup.infoForeground",true,"Uses Label.infoForeground instead",""
"CompletionPopup.matchForeground","","The string in the completion suggestions list that matches the entered string ","2019.2"
"CompletionPopup.matchSelectionForeground",true,"The string in the completion suggestions list that matches the entered string when selected",""
"CompletionPopup.nonFocusedState",true,"Show completion popup as grayed-out until focused. Boolean. Default is ""true""",""
"CompletionPopup.foreground","","Gray text at the right border. Completion suggestions foreground is Label.foreground.","2019.2"
"CompletionPopup.nonFocusedMask","","Color mask with alpha to draw over not focused completion list","2019.2"
"CompletionPopup.selectionBackground","","Selected item background color of focused completion popup","2019.2"
"CompletionPopup.selectionForeground",true,"Not used, selection foreground doesn't change",""
"CompletionPopup.selectionInactiveBackground","","Selected item background color of non focused completion popup","2019.2"
"CompletionPopup.selectionInfoForeground",true,"Not used, selection foreground doesn't change",""
"CompletionPopup.selectionInnerInsets","","Inner insets in selection line (experimental UI only)","2022.2"
"DisclosureButton.arc","","Arc of disclosure button","2024.2"
"DisclosureButton.defaultBackground","","Background of disclosure button","2024.2"
"DisclosureButton.hoverOverlay","","Hover overlay color, which is painted over background for hover state","2024.2"
"DisclosureButton.pressedOverlay","","Pressed overlay color, which is painted over background for hover state","2024.2"
"DisclosureButton.textRightIconGap","","Gap between text and right icon","2024.2"
"FindPopup.scopesPanelInsets","","Inner insets of the scope selection panel in the Find in Files / Replace in Files popups","2023.1.1"
"FindPopup.bottomPanelInsets","","Inner insets of the bottom panel in the Find in Files / Replace in Files popups","2023.1.1"
"PresentationAssistant.Bright.Popup.foreground","","Presentation Assistant popup bright foreground (experimental UI only)","2023.3"
"PresentationAssistant.Bright.PopupBackground","","Presentation Assistant popup bright background (experimental UI only). PopupBackground name is used to not apply the '*.background' pattern default color","2023.3"
"PresentationAssistant.Bright.Popup.border","","Presentation Assistant popup bright border (experimental UI only)","2023.3"
"PresentationAssistant.Bright.keymapLabel","","Presentation Assistant keymap label bright text color (experimental UI only)","2023.3"
"PresentationAssistant.Pale.Popup.foreground","","Presentation Assistant popup pale foreground (experimental UI only)","2023.3"
"PresentationAssistant.Pale.PopupBackground","","Presentation Assistant popup pale background (experimental UI only)","2023.3"
"PresentationAssistant.Pale.Popup.border","","Presentation Assistant popup pale border (experimental UI only)","2023.3"
"PresentationAssistant.Pale.keymapLabel","","Presentation Assistant keymap label pale text color (experimental UI only)","2023.3"
"ContextHelp.fontSizeOffset",true,"Font size offset for comments (usually gray description text under components), used only in legacy UI","2022.1"
"Counter.background","","An oval with a number on the right of a tree item. For example, the number of updates in Plugins or problems in the Project Structure view.",""
"Counter.foreground","","",""
"DebuggerPopup.borderColor","","A breakpoint popup that opens on right-click",""
"DebuggerTabs.fontSizeOffset","","Debugger tool window tab font size offset","2024.1"
"DebuggerTabs.selectedBackground",true,"Background of the selected tab in the Debugger tool window. The foreground is EditorTabs.underlinedTabForeground.",""
"DebuggerTabs.tabHeight","","Debugger tab height","2023.1"
"DebuggerTabs.underlineHeight","","","2019.2"
"DebuggerTabs.underlinedTabBackground","","Background for the selected tab","2019.2"
"Debugger.Variables.collectingDataForeground","","","2019.2"
"Debugger.Variables.evaluatingExpressionForeground","","","2019.2"
"Debugger.Variables.modifyingValueForeground","","","2019.2"
"Debugger.Variables.changedValueForeground","","","2019.2"
"Debugger.Variables.exceptionForeground","","","2019.2"
"Debugger.Variables.valueForeground","","","2019.2"
"Debugger.Variables.errorMessageForeground","","","2019.2"
"Debugger.Variables.typeForeground","","Value type text color","2022.2"
"Debugger.EvaluateExpression.background","","Background color of the evaluate expression field embedded into the variables view","2022.2"
"DefaultTabs.background","","Default tabs are applied to all tabs except TabbedPane and unless particular tab keys, e.g. EditorTabs, are set. This key is the background under all tabs.","2019.2"
"DefaultTabs.borderColor","","Default tabs are applied to all tabs except TabbedPane and unless particular tab keys, e.g. EditorTabs, are set. This key is the border color for all tabs.","2019.2"
"DefaultTabs.hoverColor",true,"","2019.2"
"DefaultTabs.hoverBackground","","Transparent background on hover over tabs, both regular and with file color.","2019.2"
"DefaultTabs.inactiveMaskColor",true,"","2019.2"
"DefaultTabs.inactiveUnderlineColor","","Underline color when the tab is not in focus","2019.2"
"DefaultTabs.underlineColor","","The line under the selected tab","2019.2"
"DefaultTabs.underlineHeight","","The line under the selected tab","2019.2"
"DefaultTabs.underlinedTabBackground","","Background for the selected tab","2019.2"
"DefaultTabs.underlinedTabForeground","","Foreground for the selected tab","2019.2"
"Editor.background","","Empty editor area",""
"Editor.foreground","","",""
"Editor.shortcutForeground","","",""
"Editor.Notification.borderInsets","","Editor notification banner insets with a status icon","2023.2"
"Editor.Notification.WithoutStatus.borderInsets","","Editor notification banner insets without a status icon","2024.1"
"Editor.SearchField.borderInsets","","Additional insets around editor search/replace fields in Experimental UI",""
"Editor.SearchField.background","","Editor inplace search/replace fields background color",""
"Editor.ReplaceToolbar.borderInsets","","Insets around editor replace panel","2023.3.1"
"Editor.SearchReplaceModePanel.borderInsets","","Insets around the button that toggles search/replace mode in the editor","2023.3.1"
"Editor.SearchToolbar.borderInsets","","Insets around editor search panel","2023.3.1"
"Editor.Toolbar.borderColor","","Editor header component border",""
"Editor.Gutter.emptyAnnotationAreaWidth","","Editor gutter annotation area width when the annotations are hidden","2024.1"
"Editor.Gutter.gapAfterVcsMarkersWidth","","Editor gutter gap width after the VCS annotation markers","2024.1"
"Editor.Gutter.gapAfterLineNumbersWidth","","Editor gutter gap width after the line numbers","2024.1"
"Editor.Gutter.gapAfterIconsWidth","","Editor gutter gap width after the icons","2024.1"
"EditorTabs.background","","Background under all tabs in the editor. If value isn't specified the value of DefaultTabs.background will be used","2019.2"
"EditorTabs.borderColor","","The editor tabs border color. If value isn't specified the value of DefaultTabs.borderColor will be used","2019.2"
"EditorTabs.fontSizeOffset","","The editor tabs font size offset","2024.1"
"EditorTabs.hoverColor",true,"",""
"EditorTabs.hoverBackground","","Transparent overlay on editor tab hover. If value isn't specified the value of DefaultTabs.hoverBackground will be used","2019.2"
"EditorTabs.hoverInactiveBackground","","Transparent overlay on editor tab hover when editor is not focused. If value isn't specified the value of DefaultTabs.hoverBackground will be used","2022.1"
"EditorTabs.hoverSelectedBackground","","Transparent overlay on selected editor tab. If value isn't specified the #00000000 will be used","2022.1"
"EditorTabs.hoverSelectedInactiveBackground","","Transparent overlay on selected editor tab when editor is not focused. If value isn't specified the #00000000 will be used","2022.1"
"EditorTabs.inactiveColoredFileBackground","","Masks inactive tabs with file color. Does not affect tabs without file color.","2019.2"
"EditorTabs.inactiveUnderlineColor","","Selected tab underline color when the tab is not in focus. If value isn't specified the value of DefaultTabs.inactiveUnderlineColor will be used","2019.2"
"EditorTabs.selectedBackground",true,"Background for all tabs in 2019.1",""
"EditorTabs.underlinedTabForeground","","Foreground of the selected tab when a file status color is not used. Inactive tabs use Label.foreground.","2019.2"
"EditorTabs.underlineColor","","The line under the selected tab. If value isn't specified the value of DefaultTabs.underlineColor will be used","2019.2"
"EditorTabs.underlineHeight","","The line under the selected tab. If value isn't specified the value of DefaultTabs.underlineHeight will be used","2019.2"
"EditorTabs.underlinedTabBackground","","Background for the selected tab. If value isn't specified the value of DefaultTabs.underlinedTabBackground will be used","2019.2"
"EditorTabs.tabContentActionsLeftInsets","","Editor tab label insets when the tab actions buttons are on the left","2024.1"
"EditorTabs.tabContentActionsRightInsets","","Editor tab label insets when the tab actions buttons are on the right","2024.1"
"EditorTabs.tabContentActionsNoneInsets","","Editor tab label insets when there are no action buttons","2024.1"
"EditorTabs.tabInsets","","Inner insets around each editor tab",""
"EditorTabs.verticalTabInsets","","Inner insets around each editor tab when tabs placed left or right","2023.1"
"EditorTabs.unselectedAlpha","","The alpha coefficient (0..1) that is used to paint file icon if the tab is not selected and not hovered","2023.1"
"EditorTabs.unselectedBlend","","The blending coefficient (0..1) that is used to edit the foreground of the tab label if the tab is not selected and not hovered","2023.1"
"EditorPane.splitBorder","","Separator color for editor split mode","2022.2"
"FileColor.Blue","","Settings | Appearance & Behavior | File colors",""
"FileColor.Green","","",""
"FileColor.Orange","","",""
"FileColor.Rose","","",""
"FileColor.Violet","","",""
"FileColor.Yellow","","",""
"FileColor.Gray","","",""
"FlameGraph.frameForeground",true,"Java profiler flame graph",""
"FlameGraph.JVMBackground",true,"",""
"FlameGraph.JVMFocusBackground",true,"",""
"FlameGraph.JVMFocusedFrameForeground",true,"",""
"FlameGraph.JVMFocusSearchNotMatchedBackground",true,"",""
"FlameGraph.JVMFrameForeground",true,"",""
"FlameGraph.JVMSearchNotMatchedBackground",true,"",""
"FlameGraph.nativeBackground",true,"",""
"FlameGraph.nativeFocusBackground",true,"",""
"FlameGraph.nativeFocusedFrameForeground",true,"",""
"FlameGraph.nativeFocusSearchNotMatchedBackground",true,"",""
"FlameGraph.nativeFrameForeground",true,"",""
"FlameGraph.nativeSearchNotMatchedBackground",true,"",""
"FlameGraph.parentBackground",true,"",""
"FlameGraph.parentFocusBackground",true,"",""
"FlameGraph.parentFocusedFrameForeground",true,"",""
"FlameGraph.parentFocusSearchNotMatchedBackground",true,"",""
"FlameGraph.parentFrameForeground",true,"",""
"FlameGraph.parentSearchNotMatchedBackground",true,"",""
"GotItTooltip.foreground","","GotIt tooltip foreground color if different from ToolTip.foreground",""
"GotItTooltip.background","","GotIt tooltip background color if different from ToolTip.background",""
"GotItTooltip.shortcutForeground","","GotIt tooltip shortcuts foreground color if different from ToolTip.shortcutForeground",""
"GotItTooltip.shortcutBackground","","GotIt tooltip shortcuts rounded background color if different from GotItTooltip.background",""
"GotItTooltip.borderColor","","GotIt tooltip border color if different from ToolTip.borderColor",""
"GotItTooltip.linkForeground","","GotIt tooltip link foreground color if different from Link.activeForeground",""
"GotItTooltip.codeForeground","","GotIt tooltip inline code element foreground color if different from GotItTooltip.foreground","2023.1.1"
"GotItTooltip.codeBackground","","GotIt tooltip inline code element background color if different from GotItTooltip.background","2023.1.1"
"GotItTooltip.codeBorderColor","","GotIt tooltip inline code element border color if different from GotItTooltip.shortcutBackground","2023.1.1"
"GotItTooltip.stepForeground","","GotIt tooltip step number foreground color if different from GotItTooltip.foreground","2023.1"
"GotItTooltip.imageBorderColor","","GotIt tooltip image rounded border color if different from GotItTooltip.background","2023.2.1"
"GotItTooltip.animationBackground","","GotIt tooltip animation background color if different from GotItTooltip.background","2023.2.1"
"GotItTooltip.Header.foreground","","GotIt tooltip header foreground color if different from GotItTooltip.foreground","2022.3.1"
"GotItTooltip.Button.foreground","","GotIt tooltip button foreground color if different from Button.foreground","2022.3.1"
"GotItTooltip.Button.startBackground","","GotIt tooltip button background gradient start color if different from Button.startBackground","2022.3.1"
"GotItTooltip.Button.endBackground","","GotIt tooltip button background gradient end color if different from Button.endBackground","2022.3.1"
"GotItTooltip.Button.startBorderColor","","GotIt tooltip button outline gradient start color if different from Button.startBorderColor","2022.3.1"
"GotItTooltip.Button.endBorderColor","","GotIt tooltip button outline gradient end color if different from Button.endBorderColor","2022.3.1"
"GotItTooltip.startBackground",true,"Use GotItTooltip.Button.startBackground",""
"GotItTooltip.endBackground",true,"Use GotItTooltip.Button.endBackground",""
"GotItTooltip.startBorderColor",true,"Use GotItTooltip.Button.startBorderColor",""
"GotItTooltip.endBorderColor",true,"Use GotItTooltip.Button.endBorderColor",""
"GotItTooltip.insets","","GotIt tooltip content insets","2023.1"
"GotItTooltip.textInset","","GotIt tooltip inset between header and description, and description and link","2023.1"
"GotItTooltip.buttonTopInset","","GotIt tooltip inset between description and button","2023.1"
"GotItTooltip.buttonBottomInset","","GotIt tooltip additional bottom inset if there is a button","2023.1"
"GotItTooltip.iconInset","","GotIt tooltip inset between step number/icon and header/description","2023.1"
"GotItTooltip.imageTopInset","","GotIt tooltip additional top inset if there is an image","2023.1"
"GotItTooltip.imageBottomInset","","GotIt tooltip inset between image and header/description","2023.1"
"GotItTooltip.arc","","GotIt tooltip radius of the rounded corners","2023.1"
"Group.disabledSeparatorColor","","",""
"Group.separatorColor","","Titled separator line color",""
"GutterTooltip.infoForeground","","Gray info text in a tooltip for overrides/implements icons",""
"GutterTooltip.lineSeparatorColor","","Separator line between lines of text",""
"HeaderColor.active",true,"",""
"HeaderColor.inactive",true,"",""
"HelpTooltip.background",true,"Use ToolTip.background instead",""
"HelpTooltip.borderColor",false,"Use ToolTip.borderColor instead",""
"HelpTooltip.foreground",true,"Use ToolTip.foreground instead",""
"HelpTooltip.shortcutForeground",true,"Use ToolTip.shortcutForeground instead",""
"HelpTooltip.infoForeground",true,"Use ToolTip.infoForeground instead",""
"IconBadge.borderWidth","","Badge border width, assuming that it is for a 20x20 icon","2022.1"
"IconBadge.dotRadius","","Badge radius, assuming that it is for a 20x20 icon","2022.1"
"IconBadge.dotX","","Badge X-position, assuming that it is for a 20x20 icon","2022.1"
"IconBadge.dotY","","Badge Y-position, assuming that it is for a 20x20 icon","2022.1"
"IconBadge.errorBackground","","Badge color indicating the error status","2022.1"
"IconBadge.warningBackground","","Badge color indicating the warning status","2022.1"
"IconBadge.infoBackground","","Badge color indicating the info status","2022.1"
"IconBadge.successBackground","","Badge color indicating the success status","2022.1"
"InformationHint.borderColor","","",""
"InplaceRefactoringPopup.borderColor","","A popup in the editor with refactoring options",""
"Label.disabledText","","",""
"Label.errorForeground","","Red text color for inline error messages. See the ""Validation Dialog Test"" action in internal mode (press Enter for validation in the dialog)",""
"Label.infoForeground","","Gray info text appearing under UI controls. See the ""Show Standard Panels"" action in internal mode",""
"Link.secondaryForeground","","Light-colored links. Used in the Variables tab of the Debugger tool window. Can be seen when a tree line is long, does not fit into the tab's width, and its popup on hover goes beyond the right monitor side.",""
"MainMenu.transparentSelectionBackground","","Selection background in colorful header mode","2023.2"
"MemoryIndicator.usedBackground","","Memory indicator color for used memory rectangle","2019.2"
"MemoryIndicator.allocatedBackground","","Memory indicator color for allocated memory rectangle","2019.2"
"Menu.borderInsets","","Border insets of main menu borders","2022.3"
"Menu.Selection.innerInsets","","Inner insets in selection line. In experimental UI top and bottom values are ignored, row height is used","2022.3"
"Menu.Selection.outerInsets","","Outer insets for menu item","2022.3"
"Menu.Selection.arc","","Selection border corners radius in selection","2022.3"
"NavBar.borderColor","","Border above the navbar, visible when the toolbar is on",""
"NavBar.Breadcrumbs.itemInsets","","Navigation bar insets when displayed in the top location","2023.1"
"NewUiOnboarding.Dialog.background","","Background of the dialog with proposal to start the onboarding to the New UI","2023.2.1"
"Notification.background","","Notification that appears in in bottom-right corner. Use the ""Add Test Notification"" action in internal mode to show notifications on demand.",""
"Notification.borderColor","","Color of the border around notification balloon",""
"Notification.errorBackground","","Exception notifications. Use the ""Drop an error"" action in internal mode to show notifications on demand.",""
"Notification.errorBorderColor","","Color of the border around exception notification balloon",""
"Notification.errorForeground","","Color of the text in exception notification balloon",""
"Notification.foreground","","Color of the text in notification balloon",""
"Notification.linkForeground","","Color of link actions in the notification.",""
"Notification.arc","","Notification border corners radius",""
"Notification.borderInsets","","Top/Left/Bottom/Right insets of the notification",""
"Notification.iconOffsetSize","","Width/HorizontalOffset: Width for icon component, HorizontalOffset horizontal X for start icon",""
"Notification.titleContentInset","","",""
"Notification.contentActionsInset","","",""
"Notification.titleActionsInset","","",""
"Notification.MoreButton.background","","The ""# more"" area in a notification. Appears when there are several notifications of the same type",""
"Notification.MoreButton.foreground","","",""
"Notification.MoreButton.innerBorderColor","","",""
"Notification.Button.foreground","","",""
"Notification.Button.background","","",""
"Notification.Button.borderColor","","",""
"Notification.ToolWindow.errorBackground","","Tool window balloon. Use the ""Add Test Notification"" action in internal mode to show notifications on demand.",""
"Notification.ToolWindow.errorBorderColor","","",""
"Notification.ToolWindow.errorForeground","","",""
"Notification.ToolWindow.informativeBackground","","",""
"Notification.ToolWindow.informativeBorderColor","","",""
"Notification.ToolWindow.informativeForeground","","",""
"Notification.ToolWindow.warningBackground","","",""
"Notification.ToolWindow.warningBorderColor","","",""
"Notification.ToolWindow.warningForeground","","",""
"NotificationsToolwindow.newNotification.background","","",""
"NotificationsToolwindow.newNotification.hoverBackground","","",""
"NotificationsToolwindow.Notification.hoverBackground","","",""
"OnePixelDivider.background","","One pixel divider color",""
"Panel.mouseShortcutBackground","","Background of mouse shortcut panel",""
"ParameterInfo.background","","Parameter info tooltip",""
"ParameterInfo.borderColor","","",""
"ParameterInfo.currentOverloadBackground","","Selection background",""
"ParameterInfo.currentParameterForeground","","",""
"ParameterInfo.disabledForeground","","",""
"ParameterInfo.foreground","","",""
"ParameterInfo.infoForeground","","Context help text at the bottom of a tooltip",""
"ParameterInfo.lineSeparatorColor","","Separator lines between text lines",""
"Plugins.background","","The Settings | Plugins dialog",""
"Plugins.Button.installBackground","","Install button in the Plugins | Marketplace tab",""
"Plugins.Button.installBorderColor","","",""
"Plugins.Button.installFillBackground","","Install button in a plugin's page (click any plugin name)",""
"Plugins.Button.installFillForeground","","",""
"Plugins.Button.installFocusedBackground","","Not used in custom themes. Works only in Windows theme: changes ""Install"" button background on hover/focus.",""
"Plugins.Button.installForeground","","",""
"Plugins.Button.updateBackground","","Update button in the Plugins | Updates tab",""
"Plugins.Button.updateBorderColor","","",""
"Plugins.Button.updateForeground","","",""
"Plugins.disabledForeground","","",""
"Plugins.eapTagBackground","","",""
"Plugins.lightSelectionBackground","","Selection background",""
"Plugins.hoverBackground","","A background of a hovered plugin row.",""
"Plugins.borderColor","","Use it to set the border for the search field and the border between the left and right sides.",""
"Plugins.SearchField.background","","",""
"Plugins.SectionHeader.background","","Section dividers, e.g. ""Featured"" or ""New and Updated"" in the Plugins | Marketplace tab",""
"Plugins.SectionHeader.foreground","","",""
"Plugins.Tab.hoverBackground","","Tabs at the top",""
"Plugins.Tab.selectedBackground","","",""
"Plugins.Tab.selectedForeground","","",""
"Plugins.tagBackground","","Plugin categories tags, e.g. ""Code tools"" or ""Languages"" under a plugin name",""
"Plugins.tagForeground","","",""
"Plugins.ScreenshotPagination.CurrentImage.fillColor","","",""
"Plugins.suggestedLabelBackground","","",""
"ProgressIcon.color","","Color of the spinning icon","2022.1"
"ComplexPopup.innerBorderInsets","","Complex popup (like Show Usages) header inner insets","2023.1.1"
"ComplexPopup.Header.background","","Complex popup (like Find in Files) header background (experimental UI only)","2022.1"
"ComplexPopup.Header.insets","","Complex popup header insets (experimental UI only)","2022.1"
"ComplexPopup.TextField.borderInsets","","Text fields (like search, replace) border insets (experimental UI only)","2022.1"
"ComplexPopup.TextField.inputInsets","","Text fields input insets (experimental UI only)","2022.1"
"Popup.Advertiser.background","","The hint text area at the bottom of a popup",""
"Popup.Advertiser.borderColor","","The top border",""
"Popup.Advertiser.borderInsets","","Insets between text and borders. Format: ""top, left, bottom, right"" in pixels, e.g. ""3,8,5,0""",""
"Popup.Advertiser.foreground","","",""
"Popup.Body.bottomInsetNoAd","","Popup body bottom inset if there is no advertiser (experimental UI only)","2022.1"
"Popup.Body.bottomInsetBeforeAd","","Popup body bottom inset before advertiser (experimental UI only)","2022.1"
"Popup.Body.topInsetNoHeader","","Popup body top inset if there is no header (experimental UI only)","2022.1"
"Popup.Header.activeForeground","","Text color in popup header when focused","2022.1"
"Popup.Header.inactiveForeground","","Text color in popup header when not focused","2022.1"
"Popup.Header.insets","","Header insets (experimental UI only), default value is ""12,10,10,10""","2022.1"
"Popup.SearchField.borderInsets","","Search field border insets (experimental UI only)","2022.1"
"Popup.SearchField.inputInsets","","Search field input insets (experimental UI only)","2022.1"
"Popup.background","","Popup background (experimental UI only)","2022.1"
"Popup.borderWidth","","Popup border width","2022.1"
"Popup.innerBorderColor","","",""
"Popup.paintBorder","","On Mac, the popup border is not visible by default. Set to true to make it visible",""
"Popup.Selection.arc","","Selection border corners radius in selection (experimental UI only)","2022.2"
"Popup.Selection.innerInsets","","Inner insets in selection line (experimental UI only). Top and bottom values are ignored","2022.2"
"Popup.Selection.leftRightInset","","Left and right inset in selection line (experimental UI only)","2022.2"
"Popup.separatorColor","","Separator line in lists and the vertical separator line in the Switcher and Recent Files popups",""
"Popup.separatorForeground","","Text over the separator line in lists",""
"Popup.separatorInsets","","Insets around separator line (experimental UI only)",""
"Popup.separatorLabelInsets","","Insets around separator label (experimental UI only)",""
"PopupMenu.Selection.innerInsets","","Inner insets in selection line. In experimental UI top and bottom values are ignored, row height is used","2022.3"
"PopupMenu.Selection.outerInsets","","Outer insets for menu item","2022.3"
"PopupMenu.Selection.arc","","Selection border corners radius in selection",""
"ProgressBar.failedColor","","Use the ""Test Progress Indicators"" action in internal mode to preview progress bars",""
"ProgressBar.failedEndColor","","The lighter part in an indeterminate progress bar",""
"ProgressBar.passedColor","","",""
"ProgressBar.passedEndColor","","",""
"ProgressBar.warningColor","","",""
"ProgressBar.warningEndColor","","",""
"RadioButton.iconSize","","Size of RadioButton icon",""
"SearchEverywhere.Advertiser.background","","The hint text area at the bottom of a popup",""
"SearchEverywhere.Advertiser.borderInsets","","",""
"SearchEverywhere.Advertiser.foreground","","",""
"SearchEverywhere.Header.background","","Tabs area background",""
"SearchEverywhere.List.separatorColor","","Section header line",""
"SearchEverywhere.List.separatorForeground","","Section header text",""
"SearchEverywhere.List.settingsBackground","","Background of settings in search everywhere results","2022.2"
"SearchEverywhere.SearchField.background","","",""
"SearchEverywhere.SearchField.borderColor","","",""
"SearchEverywhere.SearchField.infoForeground","","Gray text on the right of the search field",""
"SearchEverywhere.Tab.selectedBackground","","",""
"SearchEverywhere.Tab.selectedForeground","","",""
"SearchField.errorBackground","","Inplace search field background of not found entries","2019.1"
"SearchField.errorForeground","","Search field foreground of not found entries","2022.1"
"SearchMatch.endBackground","","The yellow rectangle under the search match text",""
"SearchOption.selectedBackground","","Button background to highlight chosen search option",""
"SearchOption.selectedPressedBackground","","Button background to highlight selected pressed search option (experimental UI only)","2022.3"
"SearchOption.selectedHoveredBackground","","Button background to highlight selected hovered search option (experimental UI only)","2022.3"
"SearchMatch.startBackground","","",""
"Settings.Spotlight.borderColor","","Color of the border around highlighted items when searching in the Settings dialog",""
"Shortcut.backgroundColor","","Shortcut elements background","2024.2"
"Shortcut.backgroundOpacity","","Shortcut elements background opacity in percents","2024.2"
"Shortcut.foregroundColor","","Shortcut elements foreground","2024.2"
"Shortcut.borderColor","","Shortcut elements border color","2024.2"
"Shortcut.borderWidth","","Shortcut elements border width in pixels","2024.2"
"Shortcut.borderRadius","","Shortcut elements border radius in pixels","2024.2"
"SidePanel.background","","Left-side tree background in the Settings and Project Structure dialogs",""
"Slider.buttonColor","","Slider thumb button color","2019.3"
"Slider.buttonBorderColor","","Slider thumb border color","2019.3"
"Slider.trackColor","","Slider track color","2019.3"
"Slider.tickColor","","Slider tick color","2019.3"
"SpeedSearch.background","","A search box that appears on typing in lists, trees, and tables",""
"SpeedSearch.borderColor","","",""
"SpeedSearch.errorForeground","","Non-matching search text",""
"SpeedSearch.foreground","","",""
"Spinner.minimumSize","","Minimum size of spinners",""
"StatusBar.fontSizeOffset","","Status bar font size offset","2024.1"
"StatusBar.Breadcrumbs.navBarInsets","","Navigation bar insets when displayed in the status bar","2023.1"
"StatusBar.Widget.widgetInsets","","Insets around status bar widgets","2023.1"
"StripeToolbar.Button.size","","Tool window stripe button size","2023.1"
"StripeToolbar.Button.iconSize","","Tool window stripe button icon size","2023.1"
"StripeToolbar.Button.iconPadding","","Tool window stripe button icon padding","2023.1"
"List.hoverBackground","","A background of a hovered row in a focused list if hover is allowed.","2020.3"
"List.hoverInactiveBackground","","A background of a hovered row in an unfocused list if hover is allowed.","2020.3"
"List.Button.leftRightInset","","An insets for popup inline actions buttons","2022.3"
"List.Button.separatorColor","","A color for inline buttons separator","2022.3"
"List.Button.separatorInset","","A top an bottom insets for inline buttons separator","2022.3"
"List.Button.hoverBackground","","Hover background for inline buttons in list popups","2022.3"
"List.Line.hoverBackground","","Hover background for list item in list popups (when inline buttons are shown)","2022.3"
"List.Tag.background","","Background for tags in list items","2022.3"
"List.Tag.foreground","","Foreground for tags in list items","2022.3"
"TabbedPane.tabHeight","","TabbedPane tab height","2023.1.1"
"TabbedPane.tabSelectionArc","","Selection border corners radius of TabbedPane underline","2022.2"
"TextField.minimumSize","","Minimum size of text fields",""
"Tree.hoverBackground","","A background of a hovered row in a focused tree if hover is allowed.","2020.3"
"Tree.hoverInactiveBackground","","A background of a hovered row in an unfocused tree if hover is allowed.","2020.3"
"Tree.forceFocusedSelectionForeground","","Does it need to use Tree.selectionForeground instead of custom element foreground","2023.2"
"Tree.Selection.arc","","Selection border corners radius in tree selection","2023"
"Table.hoverBackground","","A background of a hovered row in a focused table if hover is allowed.","2020.3"
"Table.hoverInactiveBackground","","A background of a hovered row in an unfocused table if hover is allowed.","2020.3"
"Table.lightSelectionBackground","","A lighter selection. See Settings | GitHub and the GitHub Pull Requests tool window",""
"Table.lightSelectionForeground","","",""
"Table.lightSelectionInactiveBackground","","",""
"Table.lightSelectionInactiveForeground","","",""
"Table.alternativeRowBackground","","Contrast background color for lists with tall rows, e.g. View | Tool Windows | Endpoints",""
"Table.stripeColor","","",""
"TableHeader.cellBorder","","Insets between a header label and borders. Format: ""top, left, bottom, right"" in pixels, e.g. ""3,0,3,0""",""
"TitlePane.background","","Borderless mode. Window header background","2019.3"
"TitlePane.Button.hoverBackground","","Borderless mode. Window buttons (close, minimize, maximize, restore) hover color","2019.3"
"TitlePane.Button.preferredSize","","Borderless mode. Window buttons (close, minimize, maximize, restore) size","2023.1"
"TitlePane.inactiveBackground","","Borderless mode. Header background when the window is not in focus","2019.3"
"TitlePane.infoForeground","","Borderless mode. Header title foreground","2019.2"
"TitlePane.inactiveInfoForeground","","Borderless mode. Header title foreground when the window is not in focus","2019.2"
"ToggleButton.borderColor","","",""
"ToggleButton.buttonColor","","",""
"ToggleButton.offBackground","","",""
"ToggleButton.offForeground","","",""
"ToggleButton.onBackground","","",""
"ToggleButton.onForeground","","",""
"SegmentedButton.selectedStartBorderColor","","Gradient top color of a selected button border in segmented button","2022.1"
"SegmentedButton.selectedButtonColor","","Color of non-focused selected button in segmented button","2022.1"
"SegmentedButton.focusedSelectedButtonColor","","Color of focused selected button in segmented button","2022.1"
"SegmentedButton.selectedEndBorderColor","","Gradient bottom color of a selected button border in segmented button","2022.1"
"ToolBar.horizontalToolbarInsets","","Default insets for horizontal action toolbars","2022.1"
"ToolBar.separatorColor","","ToolBar separator line color","2023.1"
"ToolBar.verticalToolbarInsets","","Default insets for vertical action toolbars","2022.1"
"ToolTip.infoForeground","","""Inspection Info"" text in inspection error tooltips","2019.2"
"ToolTip.linkForeground","","Link text in foreground color in tooltips","2022.2"
"ToolTip.shortcutForeground","","Shortcut text foreground color in compound tooltips","2019.2"
"ToolTip.borderColor","","Tooltip border color","2019.2"
"ToolTip.paintBorder","","True if tooltip should paint its border, false otherwise","2019.2"
"ToolTip.Actions.background","","Actions in editor tooltips for inspection errors.",""
"ToolTip.Actions.infoForeground","","Action shortcuts",""
"ToolWindow.Button.hoverBackground","","Buttons in a tool window stripe",""
"ToolWindow.Button.selectedBackground","","",""
"ToolWindow.Button.selectedForeground","","",""
"ToolWindow.Header.background","","Active tool window header",""
"ToolWindow.Header.borderColor","","",""
"ToolWindow.Header.fontSizeOffset","","Tool window header font size offset","2024.1"
"ToolWindow.Header.height","","Tool window header height","2023.1"
"ToolWindow.Header.inactiveBackground","","Inactive tool window header",""
"ToolWindow.Header.padding","","","2021.3"
"ToolWindow.HeaderCloseButton.background","","",""
"ToolWindow.HeaderTab.inactiveUnderlineColor","","Selected tab underline color when the tab is not in focus. If value isn't specified the value of DefaultTabs.inactiveUnderlineColor will be used","2019.2"
"ToolWindow.HeaderTab.selectedBackground",true,"",""
"ToolWindow.HeaderTab.selectedInactiveBackground","","",""
"ToolWindow.HeaderTab.hoverBackground","","Tab in a tool window header",""
"ToolWindow.HeaderTab.hoverInactiveBackground","","",""
"ToolWindow.HeaderTab.underlineColor","","The line under the selected tab. If value isn't specified the value of DefaultTabs.underlineColor will be used","2019.2"
"ToolWindow.HeaderTab.underlineHeight","","The line under the selected tab. If value isn't specified the value of DefaultTabs.underlineHeight will be used","2019.2"
"ToolWindow.HeaderTab.underlinedTabBackground","","Background for the selected tab. If value isn't specified the value of DefaultTabs.underlinedTabBackground will be used","2019.2"
"ToolWindow.HeaderTab.underlinedTabInactiveBackground","","","2019.2"
"ToolWindow.HeaderTab.padding","","","2021.3"
"ToolWindow.background","","","2021.3"
"Tooltip.separatorColor","","Used for horizontal separators in editor tooltips (error/warning/documentation)","2019.3"
"UiDesigner.Panel.background","","Android plugin: panels around the preview area",""
"UiDesigner.Preview.background","","Android plugin: the app preview area",""
"ValidationTooltip.errorBackground","","Error description tooltip above a control. See the ""Validation Dialog Test"" action in internal mode (press Enter for validation in the dialog).",""
"ValidationTooltip.errorBorderColor","","",""
"ValidationTooltip.warningBackground","","Warning description tooltip above a control. See the ""Show Standard Panels"" action in internal mode (press Enter for validation in the dialog).",""
"ValidationTooltip.warningBorderColor","","",""
"VersionControl.FileHistory.Commit.selectedBranchBackground","","Background color for the selected branch in ""History Up to Here"" when ""Show All Branches"" option is turned on","2019.1"
"VersionControl.GitLog.headIconColor","","A color for the label-like icon in the HEAD label","2019.1"
"VersionControl.GitLog.localBranchIconColor","","A color for the label-like icon in the local branch label","2019.1"
"VersionControl.GitLog.otherIconColor","","A color for the label-like icon in the reference labels of other kinds","2019.1"
"VersionControl.GitLog.remoteBranchIconColor","","A color for the label-like icon in the remote branch label","2019.1"
"VersionControl.GitLog.tagIconColor","","A color for the label-like icon in the tag label","2019.1"
"VersionControl.HgLog.bookmarkIconColor","","A color for the label-like icon in the bookmark label","2019.1"
"VersionControl.HgLog.branchIconColor","","A color for the label-like icon in the branch label","2019.1"
"VersionControl.HgLog.closedBranchIconColor","","A color for the label-like icon in the closed branch label","2019.1"
"VersionControl.HgLog.headIconColor","","A color for the label-like icon in the head label","2019.1"
"VersionControl.HgLog.localTagIconColor","","A color for the label-like icon in the local tag label","2019.1"
"VersionControl.HgLog.mqTagIconColor","","A color for the label-like icon in the MQ tag label","2019.1"
"VersionControl.HgLog.tagIconColor","","A color for the label-like icon in the tag label","2019.1"
"VersionControl.HgLog.tipIconColor","","A color for the label-like icon in the tip label","2019.1"
"VersionControl.Log.Commit.currentBranchBackground","","Background color for the commits in the current branch in the Version Control | Log tab (""Highlight Current Branch"" setting under the ""eye"" icon)","2019.1"
"VersionControl.Log.Commit.unmatchedForeground","","Text color for the ""unmatched"" commits (such as merge commits or cherry-picked commits) in the Version Control | Log tab (""Highlight Merge commits"" and ""Highlight Not Cherry-Picked Commits"" settings under the ""eye"" icon","2019.1"
"VersionControl.Log.Commit.hoveredBackground","","Background color for the commit under the cursor in the Version Control | Log tab","2020.3"
"VersionControl.Log.Commit.selectionBackground","","Background color for the commit selection in the Version Control | Log tab",""
"VersionControl.Log.Commit.selectionInactiveBackground","","Background color for the commit selection in the unfocused Version Control | Log tab",""
"VersionControl.Log.Commit.selectionForeground","","Foreground color for the commit selection in the Version Control | Log tab","2022.2"
"VersionControl.Log.Commit.selectionInactiveForeground","","Foreground color for the commit selection in the unfocused Version Control | Log tab","2022.2"
"VersionControl.Log.Commit.rowHeight","","Height of row in the Version Control | Log tab (experimental UI only)","2022.2"
"VersionControl.Log.Commit.Reference.foreground","","Foreground color for reference labels in log (experimental UI only)","2023.1"
"VersionControl.Log.Commit.verticalPadding","","Vertical padding that is added to the calculated height of a commit log row","2023.1"
"VersionControl.Log.Graph.saturation","","Saturation of the graph in the Version Control | Log tab (a floating point number between 0 and 1)","2024.2"
"VersionControl.Log.Graph.brightness","","Brightness of the graph in the Version Control | Log tab (a floating point number between 0 and 1)","2024.2"
"VersionControl.RefLabel.backgroundBase","","Reference label background base color","2019.1"
"VersionControl.RefLabel.backgroundBrightness","","Transparency of the reference label background (0 is transparent, 1 is opaque)","2019.1"
"VersionControl.RefLabel.foreground","","Reference label text color","2019.1"
"VersionControl.MarkerPopup.borderColor","","Color of border in the Vcs Marker Popup","2022.2"
"VersionControl.MarkerPopup.borderInsets","","Insets between the icons toolbar and popup borders in the Vcs Marker Popup","2022.2"
"VersionControl.MarkerPopup.Toolbar.background","","Color of toolbar background in the Vcs Marker Popup","2022.3"
"VersionControl.Merge.Status.NoConflicts.foreground","","Color for the status label when all conflicts are resolved","2024.2"
"WelcomeScreen.background","","",""
"WelcomeScreen.borderColor","","",""
"WelcomeScreen.captionBackground","","",""
"WelcomeScreen.captionForeground","","",""
"WelcomeScreen.footerBackground","","",""
"WelcomeScreen.footerForeground","","",""
"WelcomeScreen.groupIconBorderColor","","",""
"WelcomeScreen.headerBackground","","",""
"WelcomeScreen.headerForeground","","",""
"WelcomeScreen.Projects.background","","",""
"WelcomeScreen.Projects.selectionBackground","","",""
"WelcomeScreen.Projects.selectionInactiveBackground","","",""
"WelcomeScreen.separatorColor","","",""
"WelcomeScreen.SidePanel.background","","Tab list and side panel background",""
"WelcomeScreen.Details.background","","Associated panel for selected tab background",""
"WelcomeScreen.Projects.actions.selectionBackground","","Selection background for project actions buttons",""
"WelcomeScreen.Projects.actions.background","","Background for project actions buttons",""
"WelcomeScreen.Projects.actions.selectionBorderColor","","Border color of selected action",""
"WelcomeScreen.LearnTab.CourseCard.hover","","",""
"Window.border","","Dialog border. Format: ""top,left,bottom,right,hex"", e.g. ""1,1,1,1,FFFFFF"". Sizes in pixels",""
"Window.undecorated.border","","Used as window border in case the window has no border, decoration and shadow. Used on Linux in non-fullscreen mode only. Format: ""top,left,bottom,right,hex"", e.g. ""1,1,1,1,FFFFFF"". Sizes in pixels",""
"RunToolbar.Run.activeBackground","","Background of the run toolbar widget when at least one of the run processes is active","2021.3"
"RunToolbar.Debug.activeBackground","","Background of the run toolbar widget when at least one of the debug processes is active","2021.3"
"RunToolbar.Profile.activeBackground","","Background of the run toolbar widget when at least one of the profile processes is active","2021.3"
"DragAndDrop.areaBackground","","Drag & Drop area background",""
"DragAndDrop.areaBorderColor",true,"Use DragAndDrop.borderColor instead",""
"DragAndDrop.areaForeground","","Drag & Drop area foreground",""
"DragAndDrop.borderColor","","Drop position highlighting (line/rectangle) for drag-n-drop in trees and lists","2021.2"
"DragAndDrop.rowBackground","","Drop position highlighting (rectangle) for drag-n-drop in trees and lists","2021.3"
"Label.successForeground","","Foreground for successful state/text","2021.2"
"Lesson.shortcutBackground","","Background under shortcuts in the interactive IDE lessons","2021.2"
"Lesson.stepNumberForeground","","Foreground for task numbers in lessons","2021.2"
"Tooltip.Learning.background","","Background for tooltips used in lessons","2021.2"
"Tooltip.Learning.borderColor","","Border color for tooltips used in lessons","2021.2"
"Tooltip.Learning.codeBorderColor","","Inline code elements border color for tooltips used in lessons","2023.1.1"
"Tooltip.Learning.spanBackground","","Background for buttons and shortcuts used in lesson tooltips","2021.2"
"Tooltip.Learning.spanForeground","","Foreground for buttons and shortcuts used in lesson tooltips","2021.2"
"Tooltip.Learning.foreground","","Foreground for tooltips text used in lessons","2021.2"
"Tooltip.Learning.stepNumberForeground","","Foreground for task numbers in lesson tooltips","2021.2"
"Lesson.Badge.newLessonBackground","","Background for badge near new modules/lessons","2021.2"
"Lesson.Badge.newLessonForeground","","Foreground for badge near new modules/lessons","2021.2"
"TipOfTheDay.Image.borderColor","","Border color of the rounded illustrations in Tips of the Day dialog","2022.3"
"ProblemsView.projectAnalysisButtonBackground","","Background for Project-Wide analysis button when enabled","2021.2"
"Tag.background","","",""
"MainToolbar.separatorColor","","Color of the Main Toolbar separators","2022.3"
"MainToolbar.background","","Background color of the Main Toolbar","2022.3"
"MainToolbar.fontSizeOffset","","Main toolbar widgets font size offset","2024.1"
"MainToolbar.Button.size","","Size of buttons on the Main Toolbar","2023.1"
"MainToolbar.Button.iconSize","","Size of button icons on the Main Toolbar","2023.1"
"MainToolbar.Dropdown.maxWidth","","Max width for Combo Widgets","2023.1"
"MainToolbar.Icon.insets","","Insets around buttons on the Main Toolbar","2023.2"
"RunWidget.configurationSelectorFontSizeOffset","","Run configuration font size offset in the Main Toolbar","2024.1"
"RunWidget.foreground","","Foreground for run widget components","2022.3"
"RunWidget.iconColor","","Color for non-debug/stop icons like More Actions or spinning icon","2023.2"
"RunWidget.runningBackground","","Background for run widget actions in running state","2022.3"
"RunWidget.runningIconColor","","Color for icons like stop/re-run in the running state","2023.2"
"RunWidget.hoverBackground","","Background for hover state in run widget. Will be applied over RunWidget.runningBackground.","2022.3"
"RunWidget.pressedBackground","","Background for pressed state in run widget. Will be applied over RunWidget.runningBackground.","2022.3"
"RunWidget.runIconColor","","Color for icons like debug/run in the non-running state","2023.1"
"RunWidget.stopBackground","","Background for the stop button in the run widget","2023.1"
"RunWidget.toolbarHeight","","The height of the run widget toolbar and its buttons","2023.1"
"RunWidget.actionButtonWidth","","The width of the run widget buttons","2023.1"
"RunWidget.toolbarBorderDirectionalGap","","The horizontal gap between run widget buttons","2024.1"
"RunWidget.toolbarBorderHeight","","The gaps above and below run widget buttons","2023.1"
"MainWindow.Tab.selectedForeground","","",""
"MainWindow.Tab.selectedBackground","","",""
"MainWindow.Tab.selectedInactiveBackground","","",""
"MainWindow.Tab.foreground","","",""
"MainWindow.Tab.background","","",""
"MainWindow.Tab.hoverForeground","","",""
"MainWindow.Tab.hoverBackground","","",""
"MainWindow.Tab.separatorColor","","",""
"MainWindow.Tab.borderColor","","",""
"MainWindow.FullScreeControl.Background","","",""
"LicenseDialog.termsAndConditionsForeground","","","2024.2"
"LicenseDialog.waitingLabelForeground","","","2024.2"
"LicenseDialog.separatorColor","","","2024.2"
"LicenseDialog.LicenseList.licenseDetailsForeground","","","2024.2"
"LicenseDialog.LicenseList.licenseIdForeground","","","2024.2"
"LicenseDialog.LicenseList.separatorColor","","","2024.2"
"LicenseDialog.LicenseServer.separatorColor","","","2024.2"